2025-10-07_18-45-57,None,draft.py:2025-10-07_18-45-57
2025-10-07_19-45-19,None,draft.py:2025-10-07_19-45-19
2025-10-07_19-45-22,None,draft.py:2025-10-07_19-45-19
2025-10-07_19-45-38,None,draft.py:2025-10-07_19-45-19
2025-10-07_19-47-34,None,draft.py:2025-10-07_19-47-34
2025-10-07_19-47-35,None,draft.py:2025-10-07_19-47-34
2025-10-07_19-47-36,None,draft.py:2025-10-07_19-47-34
2025-10-07_19-48-52,None,draft.py:2025-10-07_19-48-52
2025-10-07_19-48-52,None,draft.py:2025-10-07_19-48-52
2025-10-07_19-48-54,None,draft.py:2025-10-07_19-48-54
2025-10-07_19-49-40,None,draft.py:2025-10-07_19-48-54
2025-10-07_19-49-43,None,draft.py:2025-10-07_19-48-54
2025-10-07_19-50-21,None,draft.py:2025-10-07_19-48-54
2025-10-07_19-50-22,None,draft.py:2025-10-07_19-48-54
2025-10-07_19-51-07,None,draft.py:2025-10-07_19-51-07
2025-10-07_19-51-09,None,draft.py:2025-10-07_19-51-07
2025-10-07_19-58-44,None,draft.py:2025-10-07_19-58-44
2025-10-07_18-24-40,None,draft.py:2025-10-07_18-24-40
2025-10-07_18-24-42,None,draft.py:2025-10-07_18-24-40
2025-10-07_18-27-14,None,draft.py:2025-10-07_18-24-40
2025-10-07_18-27-16,None,draft.py:2025-10-07_18-24-40
